{
    "metadata":{
        "generator":"io_three",
        "vertices":24,
        "uvs":0,
        "materials":1,
        "type":"Geometry",
        "version":3,
        "normals":26,
        "faces":26
    },
    "materials":[{
        "DbgColor":15658734,
        "opacity":1,
        "colorDiffuse":[0.64,0.64,0.64],
        "specularCoef":50,
        "blending":1,
        "depthTest":true,
        "transparent":false,
        "colorSpecular":[0.5,0.5,0.5],
        "visible":true,
        "shading":"phong",
        "DbgName":"Material",
        "colorEmissive":[0,0,0],
        "DbgIndex":0,
        "depthWrite":true,
        "doubleSided":false,
        "wireframe":false
    }],
    "normals":[-0,0.707107,0.707107,-0.57735,0.57735,0.57735,0.57735,0.57735,0.57735,0.707107,0.707107,0,-0.57735,0.57735,0.57735,0.57735,0.57735,0.57735,0,0,-1,-1,-0,-0,-0.707107,0.707107,-0,-0,-0,1,0.57735,0.57735,-0.57735,1,0,0,-0.57735,0.57735,-0.57735,0,1,0,0,0.707107,-0.707107,0,-1,0,-0.57735,-0.57735,0.57735,-0.57735,0.57735,-0.57735,0.707107,0,0.707107,-0.707107,-0,0.707107,0.707107,-0,0.707107,0.707107,0,-0.707107,0,-0.707107,-0.707107,0.707107,0.707107,0,-0,-0.707107,0.707107,0.707107,-0.707107,0],

    "vertices":[0.5,-1,0.5,0.5,-1,-0.5,-0.5,-1,-0.5,-0.5,1,-0.5,0.5,1,-0.5,0.5,1,0.5,1,0.5,-0.5,1,-0.5,-0.5,1,-0.5,0.5,0.5,0.5,1,0.5,-0.5,1,-0.5,-0.5,1,-1,0.5,0.5,-1,-0.5,0.5,-1,-0.5,-0.5,0.5,-0.5,-1,0.5,0.5,-1,-0.5,0.5,-1,-0.5,-0.5,-1,-1,0.5,-0.5,-0.5,0.5,1,1,0.5,0.5,-0.5,1,0.5,-0.5,-1,0.5],
    "faces":[35,20,9,5,22,0,0,0,0,0,34,20,22,12,0,1,1,1,34,21,5,9,0,2,2,2,35,4,5,21,6,0,3,3,3,3,34,15,1,7,0,4,4,4,34,2,18,14,0,5,5,5,35,15,18,17,16,0,6,6,6,6,35,12,19,14,13,0,7,7,7,7,35,3,19,12,22,0,8,8,8,8,35,9,20,11,10,0,9,9,9,9,34,16,4,6,0,10,10,10,35,6,21,8,7,0,11,11,11,11,34,17,19,3,0,12,12,12,35,3,22,5,4,0,13,13,13,13,35,3,4,16,17,0,14,14,14,14,35,0,23,2,1,0,15,15,15,15,34,23,11,13,0,16,16,16,34,10,8,0,0,17,17,17,35,14,18,17,19,0,18,18,18,18,35,11,20,12,13,0,19,19,19,19,35,8,21,9,10,0,20,20,20,20,35,6,7,15,16,0,21,21,21,21,35,1,2,18,15,0,22,22,22,22,35,2,14,13,23,0,23,23,23,23,35,0,10,11,23,0,24,24,24,24,35,0,1,7,8,0,25,25,25,25],
    "uvs":[]
}
